,矮人直升机,艾欧,暗夜魔王,暗影恶魔,暗影萨满,半人马战行者,编织者,蝙蝠骑士,变体精灵,不朽尸王,潮汐猎人,沉默术士,陈,大地之灵,戴泽,独行德鲁伊,敌法师,电炎绝手,发条技师,伐木机,风暴之灵,风行者,凤凰,斧王,复仇之魂,干扰者,钢背兽,工程师,光之守卫,哈斯卡,寒冬飞龙,撼地者,黑暗贤者,幻影刺客,幻影长矛手,灰烬之灵,混沌骑士,祸乱之源,杰奇洛,酒仙,狙击手,巨魔战将,巨牙海民,剧毒术士,军团指挥官,凯,克林克兹,恐怖利刃,昆卡,拉比克,朗戈,拉席克,莱恩,狼人,力丸,莉娜,炼金术士,裂魂人,龙骑士,露娜,马格纳斯,玛尔斯,玛西,美杜莎,魅惑魔女,谜团,米波,米拉娜,冥魂大帝,冥界亚龙,末日使者,殁境神蚀者,娜迦海妖,孽主,帕格纳,帕吉,帕克,破晓辰星,齐天大圣,祈求者,琼英碧灵,全能骑士,森海飞霞,沙王,赏金猎人,上古巨神,神谕者,圣堂刺客,石鳞剑士,食人魔魔法师,噬魂鬼,兽王,獸,术士,树精卫士,水晶室女,司夜刺客,斯拉达,斯拉克,斯温,死亡先知,雷泽,天怒法师,天穹守望者,天涯墨客,痛苦女王,维萨吉,瘟疫法师,巫妖,巫医,百戏大王,自然先知,小小,邪影芳灵,熊战士,修补匠,虚空假面,虚无之灵,血魔,亚巴顿,影魔,幽鬼,育母蜘蛛,远古冰魄,宙斯,主宰,卓尔游侠
矮人直升机
艾欧,6.1
暗夜魔王,2.5,1.3
暗影恶魔,7.7,-1.4,5.4
暗影萨满,-1.8,-1.2,-2.4,-3.5
半人马战行者,5.2,-4.6,6.2,4.8,0.1
编织者,-2.7,-3.2,-2.3,-0.9,1.6,0.6
蝙蝠骑士,1.1,3,-1.4,-0.6,-2.6,-2.6,-2.4
变体精灵,-2.6,-4.1,2,-2.5,1.1,2.4,-3,-1.5
不朽尸王,-4.1,-3.3,1.4,-0.3,1.2,0.6,-1.7,-0.4,0.4
潮汐猎人,-1.7,1.5,-3.9,-3.1,0.2,-7.1,1.7,-0.2,-0.6,2
沉默术士,-2.5,-0.6,2,-3.8,1.1,-0.3,-2,-1,-1.3,-1,-1.6
陈,9.9,-7.6,8.5,9.9,4.2,8.1,-2.2,-3.6,0,-5.6,-1.9,3.5
大地之灵,4.1,-2.1,-0.1,0.7,0,-2.5,0.2,1.1,1.7,0.7,1.3,1.7,-0.1
戴泽,0.6,-0.8,-0.4,-4.4,-1.7,-0.9,-1.8,-2.2,-2.3,0.8,0.8,-1,-8.7,2.4
独行德鲁伊,0.6,-5.6,-1.5,-1.1,-0.8,-3.5,-2.1,3.3,-7.1,-2.4,-1.3,-1.2,-7,2.2,-1.5
敌法师,-1.3,2,-2.2,-1.5,-0.4,-0.2,-0.9,-3,-7.4,0.8,0.2,1,-1.5,-0.8,3.6,-1.9
电炎绝手,-3.5,1.4,2.6,2.3,1.3,0.1,0.2,-2.6,0.8,0.2,0.4,0.5,-0.7,1.8,1.5,-0.3,0.6
发条技师,0.9,-0.7,3,6.8,-1.1,0.8,-0.2,-1.5,5.1,-2,-0.3,0.2,9.1,0.2,-1.8,0.3,-0.8,2.9
伐木机,0.3,-2.4,8.8,2.4,1.8,7.9,1.7,-1.8,5.5,-0.1,-5.6,0.2,-4.7,2.4,-2.5,-0.4,-0.3,-0.8,6.4
风暴之灵,3,-1.5,-0.9,-2.7,-0.1,-0.7,-0.9,-4.4,0,2.6,0.2,1.1,-2.4,-3.1,-1.9,-2.7,-3,1.9,0.5,0.9
风行者,-1.5,0.8,0.5,-1.7,-0.4,0.7,0.5,-3.2,0.1,0.5,0.8,-0.5,0.8,0.7,-0.9,0.9,0.1,0.4,0,0.5,1
凤凰,-3.8,-0.8,-4.5,-1.2,2.2,-2.5,-1.2,-2,0.9,-1.8,-1,-2.6,-3.7,-0.3,1.9,0.1,0.2,0.7,-0.1,-3.5,0.5,-1.5
斧王,-0.1,2.5,-2.6,0.7,-1.3,-6.2,1.2,-3.9,2.9,2.7,-7.3,1.6,5.5,-0.3,2.7,1.9,2.5,1.9,-0.9,0.3,0.3,0,1.1
复仇之魂,1.1,0,0,-2.4,-0.5,-1.9,0.7,-2.8,-2.4,0.3,1.3,0.7,-1.5,0.8,1.3,-3.2,-0.9,0.7,-0.9,-3.5,0.1,0.4,1,-0.6
干扰者,0.2,-1,-0.1,6.7,-0.1,0.4,1.2,-2.9,3.6,1.6,-2.4,-0.5,-4.2,0.6,-1.4,0,-2,-0.8,0.7,0.6,0.8,-0.3,0.2,-1.4,0.4
钢背兽,0.8,1.3,2.8,0.7,0.8,1.5,0.3,-3.3,1.4,-2.6,-4.1,-3.5,7,0,0.9,0.3,0.9,-2.3,-2.5,6.9,-1.2,-0.7,-4.1,-2.2,0.8,-0.6
工程师,-3.5,-0.4,-1.4,-2.4,0.1,-0.2,0.2,-0.9,0.9,-2.4,-0.2,0,-2.7,-1.4,-0.8,4.2,1.4,-0.4,-3.8,-0.4,2.1,-1.8,-3.1,-1.5,-0.1,-4.2,-0.1
光之守卫,-0.5,2.2,2.2,-0.9,2,-1.2,0.3,-0.3,2.2,0.1,-0.3,0.6,-5.8,-0.9,1,1.6,1.7,-0.1,2,-3.7,-0.1,1.5,0.1,2,-0.4,0.8,-0.5,-0.2
哈斯卡,1.4,-1.7,2,1,-1.8,3.4,-0.3,-0.4,4.9,-3.2,2,0.2,-2.6,-0.9,1.8,-0.4,-0.5,0.2,4.9,4.5,-2.9,0.2,0.4,0.6,-1.7,-0.4,-0.1,0.3,-2.4
寒冬飞龙,-4.1,4.2,2.6,1.4,0.1,0.9,-0.2,2.7,1.2,1.8,-2.7,-2.1,0.4,5.8,-3.2,2.5,3.5,1,2.1,-0.2,0.8,-0.1,-0.8,0.8,-1.3,-2,0.4,-1.7,2.5,0.8
撼地者,-1.3,-0.4,3.3,-0.3,-0.2,1.3,2,-1.1,3.6,0.7,-0.1,0.4,-1.5,-0.5,-0.6,1.4,1.1,-0.6,0.3,4.6,3.1,-0.2,0.9,-1.9,-0.1,-3.3,0.6,-2,-3.6,2.5,-4.1
黑暗贤者,9.2,-4.6,3.7,5.2,2.4,6.4,0.3,-5.5,-1.2,-2.4,-4.9,1.2,-9.5,4.7,-0.8,0,-1.8,-2.5,4.6,-2,0.5,-0.5,-2.4,-0.3,0.2,0.7,0.3,-2.5,-2,0.8,-1.6,0.7
幻影刺客,2.2,-3.1,0.1,-0.5,0.5,0.7,0.5,-4.1,-7.1,1.2,0,1.9,-2.4,1.9,1.3,-5.1,-5,0.1,0,-0.1,-0.6,-2.1,0.7,0.8,0.9,0.4,0.8,2.3,0,0.7,-2.6,1.6,0.7
幻影长矛手,-0.2,-3.2,-1.7,-0.3,-0.7,-1,-1.3,-1.2,-8.9,0.1,-1,0.9,-1.3,-0.5,1.8,-2.9,-6.4,2.8,1.1,-0.1,-2.4,0.3,2.6,2.1,-2.3,2.1,1.1,2.8,5.3,0.5,4.4,1.2,-4.4,-7.4
灰烬之灵,-0.3,-3,-0.4,2.7,-0.3,0.2,-1,-1.8,-1.5,-0.9,-1,-0.7,-1.8,-2.5,1,-2.2,-3.6,1.3,-0.1,2.7,-7.5,1.6,-1.6,-0.1,-1.1,1.4,-3.8,0,-0.4,-5.8,1.9,-0.5,0.6,-1.8,-2.4
混沌骑士,6.6,-1.5,4.1,3,-0.6,3.7,1.4,-5.6,3.1,-0.5,-2.1,1.6,9,-2.1,-0.5,-2.5,-0.7,-1.3,4.4,9.4,-3.6,-1.2,-0.4,-2.6,-0.7,1.2,4.7,0.6,-0.2,2.3,-1.5,3.5,6.4,0.9,-4.7,-2.7
祸乱之源,2.1,1.5,1.8,-2.1,-3.2,-0.1,-0.4,-2,2.7,-2.3,2.7,-0.4,-7.3,4.1,2.7,1.4,3.5,5,2.4,-1.6,0.1,-0.4,0.8,1.4,-4.2,-3,2.1,0.6,-2.9,-3.3,1.7,-0.4,-2.5,1,3.8,2.3,-1.4
杰奇洛,-3,0.8,0,-0.5,0.7,-0.5,0.7,-0.3,2.2,-0.6,-1.2,-1.5,-6.7,1.9,-1,-0.6,1.9,-0.9,-1.3,-2.4,2,0.4,-1,-0.6,0.5,-3.3,-1.5,-1.3,0.6,0.8,-1.8,-2.7,-0.2,1.4,2.4,0.3,4.1,-2.4
酒仙,1.9,0.8,-4,0.8,0.8,-0.5,4.8,1.5,2.2,0.5,-7.5,0.9,-8,2.2,1.6,4.4,2,3.5,-5.4,-9.5,0.5,2.8,1.8,-0.9,-2.1,4.4,-0.2,-0.1,-4.7,-0.9,3.8,-2,4.9,0.9,2.2,-1.4,-2.8,4.5,-0.7
狙击手,-2.2,0.5,0.8,1.8,4,2,1.5,-2.6,-1.4,1.6,1,0.3,-1.1,1.2,1.4,-3.6,-0.2,-2.8,1.8,-0.6,-1.4,-1.4,-0.4,2,4.5,2.9,-0.4,1.9,-4.9,-3.4,-2.6,-0.5,-2.8,0.5,0.7,-3.5,3,0.6,0.2,-0.2
巨魔战将,-0.1,1.4,-1.5,-1.7,1.9,1.5,1.6,-0.1,-9,0,-0.5,1.3,-2.6,0.4,0.1,-5.6,-2.6,2.2,-0.9,1.6,1.9,1.2,-0.2,1.6,-0.3,0.6,1.9,0.2,-1.9,-2.1,-3.4,2.1,-1.1,-4.3,-6.4,-2.9,0.5,1.6,0.1,-0.1,0.8
巨牙海民,1.8,1,2.3,-0.2,-2.5,0.9,-0.3,2,5.1,-0.2,1.7,0.8,2.2,1.9,0.7,4.1,-2.5,2.8,1.7,2.2,-1.4,-0.3,2.9,-3.4,-1.3,0.3,-2.8,-1.9,5.6,3.5,2.2,1.9,3.3,-1.9,-0.8,-0.5,0.9,-2,2,2.4,2.8,0.4
剧毒术士,-4.3,-3.7,0.8,1.3,-0.7,0.7,-1.3,-1.9,0.8,-3,-0.3,-3,-6.3,0.1,-2.2,0.3,-0.9,0.1,-2.8,-0.3,0.8,0.4,-3.6,0.7,0.8,-2.5,-2,-3,-1.3,-2.4,-2.1,-1.9,-2.8,1.1,0,0.5,-0.6,0.4,-3.8,2.3,0.7,-0.6,-0.5
军团指挥官,-0.9,0.1,-2.5,-2.4,-2.5,-4.2,1.1,-4.3,1.9,2.2,-4.9,2.3,-2.4,-0.4,0.7,-0.2,0.9,3,0.5,2.4,-0.6,-1,1.5,-4.7,-1.5,-0.6,0,1.3,1.4,-0.1,-2.9,0,-2.3,-0.2,0.4,1.4,-3.6,-2.2,1.3,-7.3,-0.7,1.2,-2,2.1
凯,1.7,5.7,-0.6,0.8,0.3,1.3,-2.6,-0.7,1.9,-1.4,0.3,-2.1,-0.3,1.2,4.1,0,4.8,0,-0.7,0,-1.4,-0.6,-0.7,-0.2,1.2,-0.2,-1.9,-2.5,-1.5,-1.4,0.6,0,-0.4,1,4.2,-4.4,1.4,2.6,0,0.5,-2.8,-1.2,0.1,-1.8,0.3
克林克兹,-3.6,-4.3,-1.2,6.7,2,3.6,-5.6,-5.2,-6.1,0.7,2.4,-2.4,7.4,0.5,-3.5,-4.1,-0.1,-0.3,4.1,2,1.2,-1.4,1.4,3,1,2.5,2.1,1.9,-0.7,-2.7,-2.1,2.8,4.9,-1.9,-1.7,-2.2,1.1,1,1.3,1.3,-2.8,-3.3,0.5,-1.4,-0.2,-4.1
恐怖利刃,-3.5,-3.4,0.8,0.8,1.4,1.4,0,1.5,-8.1,-1.4,3.2,-1.1,-2.2,1.6,1.1,-5.5,-7.4,2.5,2.4,0.6,0.5,1.5,0.7,3.9,0.2,5.6,1.2,-1,-1.2,-0.7,2.9,2.4,-1.6,-6,-8.4,0.6,-0.9,0.9,0.5,-4.1,-1.4,-5.5,5.8,-0.1,-0.3,4.4,-5.7
昆卡,1.4,2.6,-2.1,-0.4,0.4,-2.9,0.9,-1.3,2,1.8,-2.4,0,3.8,0.8,-0.9,0.2,1.1,-0.5,-0.1,0.4,0.1,-1.6,-2,-2,1.2,-3.4,-4,-2.4,-1.9,1.3,-3.2,-2.4,1.4,1.5,1,1.5,-0.5,3.4,-1.1,2.8,0.2,0,0,0.8,0,-1.9,0.9,0.5
拉比克,-2.2,0.7,0.8,-1,-1.3,0.6,0.8,-0.3,1.5,2.2,-0.7,-1.8,2.2,1,0.5,0.1,-0.8,0.4,-0.2,0.3,1.1,-0.4,-0.2,-1,1.2,-1.3,-2.8,-1.4,0.5,-0.2,-0.7,-2.2,-0.6,0.4,1.7,1.9,-1.3,0.3,-0.9,1.9,-0.3,0,1.8,0.1,-0.4,-0.6,0.3,2.4,-0.8
朗戈,8.4,2.3,0.6,1.9,-1.8,1.3,1.2,-2.6,-1.1,-5.8,3.5,-0.3,2.9,4.8,-1.3,1.3,0.9,0.7,3,-0.9,-0.7,1.8,0.2,2.8,-4.5,0.8,1,1.3,-6.4,-0.1,3.7,2.2,6.5,2.2,1,2.5,1.9,-8,-4.5,-6.2,-0.4,0.8,1.2,-1.6,0.9,1.8,7.3,-2.9,3,1.4
拉席克,-1,6,2,-0.4,2.4,1.6,-0.8,-0.4,0.1,-2.8,-0.3,2,-7.9,1,1.7,-0.7,1.6,0,1.4,-6.2,0.4,2.7,-1.1,1.3,-3.7,1.2,-0.9,0.5,-1.3,-7.5,-1.5,-1.8,-0.8,0,-2.2,-2.4,2.1,-7.7,-0.6,-7.6,-2.8,0.9,3.2,0.4,-1,0.6,0.8,-5.1,3.5,2.2,-6
莱恩,-2.9,1.1,-1,-0.6,-2.2,-0.8,1.9,-2,1.8,2.1,-1.4,1.2,-4.1,0.8,-0.3,0.3,1.2,1.9,-0.9,2.5,-1.6,-1,1.5,-2.1,-0.7,-0.8,0.4,1.3,1.7,0.3,0.1,-0.7,0.8,1.1,0.9,-1.2,-1.6,-1.3,1.5,1.6,2,3,-1,0.7,-1.1,0.8,0.4,3.1,-0.8,-1.8,-0.1,2.5
狼人,9.5,-5.1,1.2,9.7,1.2,8.6,-1.9,-2.7,5.2,-2.9,-0.5,-2,9.8,3.4,-2.5,-5,1.2,0.4,9,9.9,-3.6,0.4,-1,1.1,-1.2,5.5,7.3,-0.4,0.4,5.4,1.1,3.7,9.5,-0.7,-2.7,0.9,8.4,0.4,-2.4,-4.6,-4.1,-2.1,4.6,-0.8,-1.1,1.5,5.4,1.2,-2.6,-0.5,4.5,-2,-0.7
力丸,1.1,0.4,-4.4,0.2,-0.1,2.5,-2.1,-3.8,-1.4,2.6,0.4,2.9,-2.1,-3.4,0.6,-2.4,0.7,1.8,-1.4,2.4,-1.1,-1.1,0.8,-0.7,0,-2.1,1.9,0.6,1.1,-3.9,-1.1,0.8,4.1,-0.6,-2.5,-5,-0.6,1,2.6,0.8,2.2,-0.5,-3,2.6,-0.3,-2.4,-7.1,0.5,-1.1,-0.4,2.1,2,-1.2,-4.1
莉娜,-2.5,1.5,1.9,1.3,1.3,0.2,0.4,-2.6,0.7,0.3,0.9,0.7,0.9,0,1.1,0.4,1,-1.6,1,-2.4,-1.6,-1.1,-1.4,1.2,0.7,-0.2,-0.8,-1.1,-2.5,-4.1,0.3,-0.1,0.3,1.6,1.5,-3.5,0.5,-0.6,0.4,2.6,-3.7,-0.1,1.2,0.9,0.2,-2.1,-3.6,-1.3,-0.5,0.2,0.8,-2.8,0.2,-2.5,-1
炼金术士,4.8,-3.3,2.1,-0.2,-0.2,-1.5,-2.5,-0.1,-4.8,-0.5,-1.9,-2,5.2,-2,-1.8,0.3,-1.1,-4.5,-1.2,4.1,-4.5,-0.1,-4.9,-1.5,1,-1.7,-1.1,-1.6,-3.5,3.6,1.3,-1.8,2.3,-6,5,0.1,4.9,0.1,-1.6,0.8,-4.6,-3.8,-0.1,-2.5,-2,2.3,1.6,-2.4,-1.3,-2.8,0.6,1.2,-1.2,4.3,-2.1,-1.3
裂魂人,-0.4,1.1,1.1,-0.3,-2.6,2.1,-0.8,-4.3,2.7,-0.1,1,0.8,3.1,0.1,0.2,0.3,-0.6,1.8,-1.7,4.7,-1.4,-1.4,1.6,-1.4,-1.1,-0.1,2.4,-1,2.6,0.4,1,1.7,4.9,-0.2,0.2,-0.3,-0.5,0.1,0.1,2.5,1.5,1.9,-3.2,-2.7,-2.5,0.5,0,4.1,-0.2,-0.1,0.9,3.5,-1.6,-0.2,-0.7,1.1,-0.8
龙骑士,3.1,-0.3,3.5,0.2,-0.5,2.1,1.6,-4.5,5.4,0.1,-3.8,0.1,0.8,0.7,-3.4,-2.6,1.2,-1.3,3.6,6.7,-0.1,0.2,-2.8,-3.1,-2.4,0.8,0.9,0.9,-4.9,4.3,-2.7,3.5,0.8,0.7,-2.5,-1.6,4.2,-6.8,-1.9,-8.3,0.1,2.3,4.3,0.5,-0.9,0.7,3.5,-3.6,1.9,-0.9,8.9,-5,-2.4,6.2,0.9,-2.1,1.9,2
露娜,2.4,1.9,3.5,3.5,1,-1.5,1.8,-1.3,-9,-1.4,-0.5,-1.4,6.2,1.7,-0.3,-3.4,-3.5,-1.7,2.4,-1.3,2.5,1.4,-2.2,0.6,1.7,2.1,-3.3,-1.3,-1.5,1.7,-2.2,-0.5,1,-3.5,-8,1.6,1.6,1.1,-0.9,3.5,-0.3,-2.3,3.7,-1.2,2.3,4.1,-0.7,-8.1,0.4,1.1,1.3,-4.1,0.6,1.3,0.5,-1.4,-3,3.1,-0.2
马格纳斯,2.3,1.7,1.3,-1.6,0.7,-1.6,0.2,-2.5,1.6,2.7,-0.8,1.9,1,-0.7,2,0.4,-2.3,1.1,-2.5,1.8,-0.6,-1.3,2.4,-3.7,0.9,-2.3,-1.7,1.9,0.9,2.5,-2.6,-1.1,-2.6,2.9,-0.7,0,0.3,1.7,0.9,0.3,1,3.3,-1.2,-0.5,-1.5,1.2,-0.3,3.1,-1.8,-0.1,-0.4,2.3,1.8,-3,-0.9,0.9,-2.7,-1.8,1.2,2.4
玛尔斯,3.1,1.4,-0.7,1.4,1.1,2.6,0.6,-2.1,2,4.9,-4.1,0.9,0.6,-2,0.5,1.9,-1.5,2.3,-0.1,2.9,0.8,-2.6,1.3,-2.2,1.3,-0.7,2.3,-1.4,2.7,4.9,-2.8,-0.8,-1.8,0.9,-0.1,1.1,2.6,2.9,0.5,5,0.4,5.6,1.6,-0.6,-1.3,-0.4,0.7,5.3,-2.6,-0.5,5.5,1.6,-0.5,5.6,0.2,-0.1,0.4,0.1,4.7,4.1,-0.8
玛西,3.5,0.7,-0.8,0.8,-0.1,1.5,0.8,-1,2.1,0.3,3.1,2.9,-3.4,-3.6,4.1,-0.6,2.2,0.9,-3.1,-0.4,-4.6,0.8,1.5,-0.5,1.7,3,1.4,-1.3,0.7,-1.2,1.3,-1.6,1.1,0.7,0.1,-4,-0.4,2,3.5,1.9,-2.7,0.3,-1.2,-0.2,-0.6,-2,-3.3,3.3,2,0.3,2.4,1.8,1.1,3.4,-2.7,-2.7,2.4,0,0.6,1.9,0.1,-0.8
美杜莎,-4.1,-5.8,0.7,8.2,2.3,0,-2.4,-0.6,-9.8,-1.3,-1.6,-3.9,7,1.5,-5.3,-8.1,-7.1,1,2.8,-0.6,2.3,-1.4,-2.4,2.2,0.7,3.3,-1.5,3.5,-0.9,-2.1,-5.3,-0.1,3.9,-7.1,-9,-1.4,4.4,1.4,-0.3,-0.5,-0.8,-8.2,2.2,0.5,0.6,-1.3,-3.5,-9.2,-1.9,1.1,-1.7,-0.9,0.1,7.2,0,1.1,-2.9,1.3,-1.3,-8.9,5.1,0.5,2.3
魅惑魔女,7.9,-1.8,1.8,-4,1.6,5.4,0.4,-4.1,-1,-2.9,-3.7,0,-9.3,0.4,-0.3,-0.6,1.8,-0.5,5.2,-4.9,-1,1.3,0.2,2.2,0.7,1.3,-0.2,-0.4,-1.7,-0.6,0.9,1,-8.1,1.8,0.4,-1.8,3.2,-1.6,0.9,1.9,-1.2,2.5,-1.6,-2.4,-0.2,-0.1,0.6,-0.1,1.4,0.1,1.7,-0.1,-1.7,6.8,1,0.4,-2.2,1,-1.7,2.2,0.3,3,1.4,3.8
谜团,-0.8,-1.2,-1.5,-2.4,1.3,0,1,-4.1,1.9,0.5,-0.8,1.1,-6.2,1.5,-0.6,-0.7,1.5,1.7,1,-0.2,0.1,-0.3,3.3,-0.6,1.9,0.1,0,-0.5,-3.4,-1.9,-2.9,-2.4,-4.9,1,1.3,-1.9,0.9,0.5,0.4,1.9,0.3,0.1,3,-0.2,-1.1,0.9,1.1,1.1,0.7,1.5,3.9,2.9,3.6,-1.6,2.6,1,0.7,1.2,-0.5,0.8,-3.5,-1,0.2,0.1,-0.1
米波,-0.2,-5.2,-1.4,2.9,-0.3,-0.7,0.5,-4.2,-4.5,0,-0.1,4.1,-3.5,-3.4,3.5,-6.2,-1.5,3.7,1.3,2.3,-7.1,2.6,3,1.5,-2,2.4,3.2,3,-3.1,0.2,4.3,1.9,1.4,-3.4,-4.5,-8.6,-2.3,3.9,5.4,3.2,-1.5,-5.4,-1.4,3.9,0.8,0.4,-2.6,-2.9,0.5,2.4,1,4,2.1,-4.9,-3.4,0.4,-3.6,-0.1,-1,-2.9,0.9,5.1,-2.6,-6.2,0.6,1.8
米拉娜,-3.2,-3.9,-0.3,-1.7,1.5,0.4,-4.1,-2.5,-3.9,-0.5,-0.8,-2.1,-5.6,2.8,-3.2,-2.1,-0.3,1.3,-0.1,2.4,1.4,0,-2.4,2.2,-0.7,-1.6,-1.1,-0.8,1.7,-1,-1.9,1.1,-3.9,-0.2,-0.2,-0.1,1.1,0.7,-0.5,1.2,1.8,-0.9,-0.9,-2.8,0.8,-1.4,-4.6,-3.5,2.1,-0.9,-1.5,2.5,1.3,-2.8,-3.4,2,0.1,-2.2,0.9,0.9,0.9,0.9,1.6,-0.4,-0.2,2.7,-2.6
冥魂大帝,0,-3.1,-1.2,-1.3,0.4,0.4,0.7,-3,0.1,0.8,-1.7,-0.1,-4.9,0.4,-1.8,-3.4,1.5,1.5,-1.2,3,-1.4,0.8,-0.5,-2.3,-0.6,1.5,0.1,1.7,-0.7,1.2,-1.5,1.9,-2.4,-0.5,-2.2,-0.6,-0.7,-1,1.2,-3.4,2.5,0.6,-0.2,0.9,-2.3,0.3,0.4,0.1,0.5,0.4,-1.2,-0.5,0.4,-3.5,1.2,2,-2.4,0,-0.3,-0.2,1,-0.3,1.1,-0.6,1.3,1.9,-2.3,0.2
冥界亚龙,-0.1,1.3,2.5,2.4,-0.7,3.2,-1.4,-3.3,-0.8,-1,-0.5,-1,-3.9,-0.7,-1.6,-0.8,1.1,-0.5,3.6,0,0.3,-1.6,-2.3,0.2,0,0.6,0.6,-2.1,-2,-2.7,-2.4,1.6,-2.4,2.2,1.1,-3.3,1.6,-1.3,-0.3,3.2,-1.9,-0.6,-0.4,-3.9,0.2,-2.7,-3.1,-3.4,0.5,-1.1,1.8,-1.4,-1,2.4,-2.1,-3.7,-0.4,0.1,-0.3,-0.1,2.4,3.3,-2.7,1.4,-4,-1.3,0.2,-0.1,1.7
末日使者,6.8,0.5,4.1,5,-2.4,-2.8,1.5,-1.1,0.6,0.4,-5,0.9,8.2,2.1,-0.1,1.4,-1,2,4.5,0.2,2,-0.5,0.3,-2.9,-3.4,0.2,-0.2,-0.7,1,1.7,2.3,2,7.9,-2.4,0.1,3.5,-3.1,-4,1.2,3.9,-0.2,1.7,-1.3,0.2,-5,1.3,1.2,1.6,0,0.3,6.2,1.6,-0.9,9,-0.4,-0.1,-1.9,-0.5,2.4,1.2,0.8,2.4,2.5,2.1,3.3,-1.2,0.7,1.1,-2.2,2.1
殁境神蚀者,4.5,1,4.2,-7.4,-0.8,3.5,-1.6,-5.8,-3.6,1.2,-0.4,-1.8,9.1,-2.9,-2.6,-2.6,-1,-0.6,5.8,0.9,-5.8,-1.8,-0.8,0.9,-1.7,2.1,-1.3,-1.3,-1.6,-6.8,-0.7,2.4,5,-1.6,-1.2,-7.4,1.3,-1.7,3.8,2.3,-1.1,-0.5,-1.6,0.4,-1.5,-4.6,-1.5,-1,-0.3,1.9,-0.9,-8.4,-2.1,6.3,-3.1,-6.3,3.7,-0.3,-3.1,1.2,0.8,2.4,-3.7,4.9,0.2,1.2,-6.4,2.6,-0.9,-1.5,4.6
娜迦海妖,-2.9,-2.8,1.1,8.2,0.3,4.5,0.7,-4.4,-9.3,-0.8,-0.1,1.1,9.3,-0.7,-2.3,-4.6,-5.6,0.2,2.3,2.3,-2.7,2.1,-2.3,3.3,-2.3,4.1,5.1,1.7,-0.6,0.8,-0.9,3.5,8.5,-6.2,-8.9,-7,5.2,-1,3.2,-2.2,2.7,-4.1,-2.6,0.8,0.8,-0.2,-4.1,-8.7,0.5,0.8,5.4,-1.9,1.2,7,-2,1.7,2.3,2.9,-2.3,-5.8,-3.4,-4.4,2.1,-9.4,7.5,-1.6,-6.2,-2.6,-1.8,3.4,5.6,5.3
孽主,-2.3,-2.5,2.2,1.6,3.3,-0.4,0.5,-2.5,2.3,-1,-4.1,-1.7,3.1,-0.3,-1.3,-1.8,0.3,-2.7,-1.1,8.2,3.6,0.6,-4.5,-1.6,-0.8,0.1,3,-1.1,-2.5,2.9,-2.4,-0.4,-6.1,0.1,2,0.5,4.5,-0.1,-3.5,-9.2,-1.1,2.8,3.1,-1.1,-1.9,-0.1,1.7,-1.5,-1.8,0.6,0,-2,0.4,4.9,3.6,0.5,-2.9,2.5,-0.7,-3.6,-0.2,0,1.6,-0.3,0.3,-0.5,3.4,1,1.1,1,-1.4,4.4,2.8
帕格纳,5.4,-3.7,0.1,-3.9,-0.5,3.2,-3.5,-2.8,-3.7,-1.5,-0.1,-4.8,8.4,1.6,-4.5,-2.2,-0.8,0.1,3.4,0.3,0.2,-0.7,-1.2,3,0.7,3.5,-0.4,-1.1,2.2,-0.8,-3.3,1.2,2.9,-0.5,-0.3,0.3,2.3,0.2,-2.2,-0.8,1.2,0.4,-0.2,-0.5,0.5,-1.4,2.3,-2.8,3.4,0.5,5.4,-0.2,0.1,6,-0.1,-0.7,-0.9,0.8,3,-0.5,2,4.9,0.3,1.2,0.1,-1.8,1.1,-1.1,-0.8,0.7,0.7,-2.9,5.1,0.8
帕吉,-0.3,-0.8,-1.8,0.2,-0.9,1,-0.8,-3.7,1.9,-1.7,0,2.8,-1.5,-1.6,0.6,-1.5,-0.9,1.6,-3.1,0.3,-2.1,0.3,0.1,-1.5,-1.1,-0.2,-1.5,0.4,1.6,-1.3,1.7,0.6,1,0.7,-1.8,-1.3,-1.6,-0.6,2.5,1.2,3.9,2.5,-3.8,1.9,-2.5,-2.1,0.3,1,0.6,1,1.9,2.1,-0.2,-4.8,-1.4,1.4,0.5,-3.5,0.7,1.1,-2.7,-1.4,-0.9,3.6,-0.2,1,-0.6,0.7,-0.7,1.7,-2.5,0.9,0.2,3.3,3
帕克,2.7,0.6,-0.7,-1,-0.7,-0.2,0.6,-0.4,1.5,0.3,-0.1,0.7,-3.3,-0.2,-0.1,0.8,-2.1,2,2.4,-0.5,-6.5,0.6,1.9,0.7,1.6,-2.2,-1.1,1,-2.4,-5.2,-0.4,-1.5,0.1,1.1,-0.4,-8.1,-2.2,1.2,0.9,3.8,-2.7,-1.1,2.3,0.7,-0.2,-2,0.3,1.7,0,1.4,3.5,-4.5,-1.1,-0.7,-3,-4.6,2.1,1.8,-0.2,0.9,0.8,-2.3,-6,1,0.5,0.1,-8.1,2.7,1.6,-2,2.7,-9.4,-2.4,0.5,0.4,-0.1
破晓辰星,1.1,0.5,-2.4,-0.6,2.2,-0.4,-2.2,-3.3,0.8,-0.2,-0.6,-0.6,3,2.2,-0.8,-1.4,0.6,-0.8,-2.1,3.1,1.4,-0.9,-0.6,-0.5,1.4,-0.2,-1,-2.9,0.8,4.1,-2.8,1.9,2.7,-0.5,-1.2,0.8,1.1,1.9,-1.1,-4.3,-0.9,-2,2.2,-0.4,-2.3,-0.5,0.2,-1.7,-1.5,0,3.2,0.9,1,4.8,2,-0.5,-2.4,1.8,0.8,-0.2,1.3,1.4,0,-2.5,0.5,-0.5,2.4,-1.2,-1.3,0.8,-0.3,1.6,0.8,0.5,-1.1,-0.2,-0.2
齐天大圣,0,-2.2,0.4,-2.1,1.8,-1.4,-2.1,0.6,-4.5,-2.1,0.2,-1.4,-1.2,-2.2,-0.5,-1.1,0,-1.9,1,-2.1,0.9,-0.4,-2.4,0.2,0.3,2.6,-3.2,-1.6,-2,-0.2,1.2,-0.4,-4.1,-1.6,-2,-2.2,-1.6,2.2,-0.2,4.2,-2.7,-2.5,3.3,-0.2,0.1,-0.7,-5.2,-3.5,-0.4,-0.5,-1.8,2,1.4,-2.4,-0.6,-1.7,3,1,-0.3,-0.7,0,-0.4,-1.1,-5.2,-3.2,-1.3,-1.4,-1.4,-0.5,-3.4,0.8,-0.8,-1.5,-0.4,-4.4,-0.2,-0.8,-0.1
祈求者,0,0.4,-0.1,1.1,1.4,-0.7,-1.5,-2.2,0.1,2.9,1,1.1,-2.3,-0.4,0.7,-0.4,1.8,-0.1,0.5,1.2,-3.5,0.5,1.5,0.6,0.7,-0.1,0,-0.8,-2.1,-1.1,-0.2,-2,-0.6,1.5,1.9,-3.7,-1.1,2.3,0.9,2.4,-1.7,1.5,2.3,0.8,1.5,-3,-3.8,0.7,-1.6,-0.5,2.4,0.1,-0.9,-1.7,-4,-2.5,-4,0.2,-0.4,-0.7,-2.3,-1.8,-3.1,0.4,-0.1,-0.6,-1.9,-0.1,0.6,-1.5,0.8,-4,-1.2,-0.5,0.9,1.1,-4.1,-0.2,-1.8
琼英碧灵,7.1,5.6,1.7,-0.4,2.5,1.2,1.8,1.6,-2.3,-0.7,-2.1,-2.7,8.5,0.1,-2,-0.7,-1.1,-3,0.5,-2.3,2.4,0.6,-5.3,0.7,2.5,-0.4,-2.7,-3.1,-0.1,1.7,-4.6,-1.6,3.3,-0.4,-2.3,1.3,4.1,1.3,-3.2,2.3,-1.6,1.9,4.8,-0.5,1.5,3.7,3.5,-0.2,-1.5,-2.1,2.4,-1,-0.1,3.1,3.3,-2.8,-3.5,3.2,1.9,2.2,2.1,0.2,1.7,0.4,3.8,-0.5,3.6,-0.9,-0.3,-0.7,1.3,-1.4,6.4,-3.6,-2.9,3.5,-0.2,-3.6,-0.5,-2.4
全能骑士,5.3,0.1,5.7,-2.7,-2.8,3.8,-2.7,1.6,5,-3,1.4,-1.7,-4.6,-0.9,-4.4,-3.9,3.2,1.8,0.2,9.2,-0.9,0.2,-1.4,3,-3.4,-0.6,3.1,0,1.2,4.3,-0.5,5,-4,0.5,-2.7,-1.3,5,-3.1,-0.7,-5.2,3,-1.3,4,-1.2,1.8,2.9,-1.6,2.6,0.2,1.4,2.2,0.2,-1,8.2,-0.6,2,3.4,0,4.9,-2.4,2.4,1.6,3,-4.4,-3.5,-0.6,-0.1,-0.1,-5.2,-0.9,-1,-2.4,-1.9,4.1,-2.2,1.3,1.6,0.8,-0.7,1,-1.3
森海飞霞,-5.2,1.6,1.7,1.7,-1.6,0.7,-1.1,-3.3,-0.6,-1.4,1,-1.3,6.7,0.5,1,1.7,-0.3,1.7,0,-4.2,1.3,-0.9,-1.8,1,-0.7,-1.4,1.7,-1.7,-0.5,-0.9,-0.5,-1.3,1.7,0.2,2.4,2.3,-1.4,-1.8,-1,4.5,-0.3,-0.7,-1.5,-2.4,2,-0.9,-0.4,0.2,-1.5,-2.8,1.5,1.8,-0.3,4.1,1.5,-0.7,-0.1,-1.4,-1.6,-1.5,-3.4,-5.2,-0.9,-0.9,1.6,-1.5,1.9,-1.7,0.9,-2.1,1.8,1.7,0.4,-1.8,-0.4,-0.3,1.8,-2.3,-2,-0.7,-2.8,-0.4
沙王,0.7,-1.7,-1.6,-4.5,1.7,-1.2,-1.5,-4.2,2.9,0.6,-4.1,-0.2,-4.5,-4.1,1.2,2.2,1.2,-3.6,-4.1,0.8,0.2,-0.9,-1.8,-3,1.4,-4.4,3,-1.6,-1.6,3.4,-4.2,-2.4,-2.1,0.6,1.5,-2.4,1.2,3.6,-2.8,0.8,-1.6,3.8,0.2,-3.1,0.7,-3.7,-1.5,2.8,-3.7,-3.3,1.7,-1.6,0.2,0,-2.3,-0.5,-1,1.6,2,-0.8,-1.9,-0.1,-0.7,0.4,2.6,-2.7,3.9,-1.9,1.3,0.8,-0.9,-0.4,3.2,-3.5,1.4,0.5,-1.7,-0.7,-2,-4.1,-2.2,2.6,-1.2
赏金猎人,-4.8,-0.9,1.9,-5.2,-1.3,2.4,-5.8,-3.1,-3.3,-3.5,2.3,-0.3,-9.5,0.7,-0.2,-4.1,0.6,3.7,-2.9,3.1,3.1,2,1.3,2.6,-2.2,5.5,0.2,-3.1,-0.6,-1.1,3.2,1.1,-2.4,1.5,1,-0.3,0.2,-6,-2.2,-4.1,2.1,-2.1,-2.7,-2.4,2,-2.4,-7.2,-2.9,2.1,2.2,-7.3,-6.9,1.8,-2.8,-6.8,1.6,0.1,-4.1,-1.4,0.7,2,3.3,3.5,-0.4,-2.2,-0.9,-4.7,-7.1,0.4,0.1,1.4,2.4,-4.9,2.6,-4.6,-1.2,3.5,3.2,0.1,-1.8,4.9,-2.5,-1.6,-2.2
上古巨神,7.5,1.5,1.7,-4.8,3.2,-4.2,4.6,-1.1,2.1,-4.4,1.4,-1.6,-1.5,5.3,0.2,-1,-0.1,1.1,-2.4,-5,5.6,2.2,0.5,2.5,-4.9,-0.6,5.6,0.3,-7.7,2.5,-4.1,5,3.5,3.2,4.4,5.6,5.8,-9.6,-7.8,-9.9,-0.4,1.6,-0.6,0.6,3.6,3.6,3.6,-9.1,4.9,0.9,7.9,-9.6,2.6,5.4,2,-2.8,3.7,4.2,4.1,5.2,6,6.1,2.3,2.3,-0.2,-2.9,1.2,5.1,1.7,4.2,8.2,-0.5,-3,-8.7,3.4,3.7,1.5,0.8,0.9,-1.1,3.8,3.2,2.4,0.1,-8.5
神谕者,6.8,-1.6,0.9,-4.8,-4.4,3,-1.4,-2.4,-5.8,0.2,-1.6,-4.8,8,1.5,-6.4,-3.1,0.8,2,3.5,1.5,-2.7,0.4,-0.2,3.6,-2.4,3.5,0.8,-1.3,0.9,3.2,-2.2,-1.1,1.7,-0.4,-1.3,-2.2,-0.8,-3.9,-4,0.9,1.4,-1.4,-0.3,-2.6,0.7,2.1,2.3,0.8,2.2,0,-0.1,1.3,-1.1,5.8,-0.2,2.4,0,0.3,-1.4,2.7,1.9,-0.6,4,-2.6,1,-3.4,-2.5,-1.3,-5.1,3.6,2.4,-3.3,2.5,-1.2,-3.5,2.3,-1,1,2.3,0,-1.7,-5.2,3.3,-0.9,-1.1,-2.5
圣堂刺客,-1.2,-3.5,0.2,4.2,1.6,-0.3,-3.1,3,-3.7,-2,2.7,-0.6,-4.2,3.8,-1.5,-5.6,-4.2,0.4,2.8,0.8,2.5,1.4,3.3,2.4,1.9,3.2,3.2,1.8,-2.4,-3.7,2,2.2,-0.8,-4.7,-2.4,3.5,0.1,-2.3,-1,-2.7,0,-4.7,2.9,-1,0.4,-1.2,-7.8,-3.2,2.1,1.3,-3.1,-7.3,1.2,1.4,-3.5,-1.5,-4.5,0.7,-2.8,-3.4,3.3,4.4,1.6,-7.2,-1,2.5,-3.5,-2.2,0.7,-1.6,2,1.1,-4.6,0.4,0.2,0.9,2.8,-0.3,-3.4,0,-1.6,3.3,0.8,-0.3,-6.1,-4.4,2.7
石鳞剑士,1.5,-0.8,-0.9,1.4,0.2,-3.5,-0.2,-2.4,0.8,0.2,-0.3,-1.7,-1.4,0.9,2.1,1.9,-0.6,-0.6,-2.5,-1.1,-1.3,-0.6,-0.8,-3,1.4,-0.2,-0.5,-2.2,-1.3,-1.2,1.7,-2.8,-3.6,-1.4,0.2,-1.4,-2.2,3.8,-1.1,3.5,-3.3,-1.6,-1.1,-1.4,-0.4,-4.1,-0.6,2.3,-3.4,-0.3,3.7,-1.7,-1.5,2.4,-2.2,-1.9,3.3,-0.2,0.9,-0.2,-1.2,-2.5,-3.9,-0.7,-2.4,-1.2,1.7,0.5,-0.3,-2.3,0.9,-2.4,-1.1,-0.4,-0.9,-3.1,-1.7,0.2,-0.7,-2.2,-2.8,1.7,-0.1,-3.3,2.4,3.1,1.7,3
食人魔魔法师,-0.9,-2.1,0.2,-0.4,-2.4,1.2,-0.5,-3.4,0.6,1.1,-0.9,-0.5,2.3,0.7,-1,-2.8,-1.3,-0.8,0.9,3.4,-4,-1.4,-1.2,0.2,-1.8,0.3,-0.2,-0.6,1.3,-1.3,-0.1,0.4,1.6,0,-3.6,-1.6,-1,-3.3,0.8,-0.6,4.1,3.3,-1.2,-1.4,-0.8,-0.7,1.9,-1.8,1.9,-1.6,0.3,0.4,-1.8,-1.7,1.3,-0.9,-2,-1.1,2.2,0.1,1.2,-0.1,-0.5,2.5,1,-0.7,-1.5,-0.2,-0.2,-0.1,-1.3,-0.5,-1,0.9,1.1,-0.5,-1.8,1.1,0,-0.1,3.1,1,-1.1,1.1,-1.6,5.6,-0.6,1.9,-2
噬魂鬼,3.5,-1.2,2.1,2.4,-0.7,2.4,-1.1,-1,-4.2,-0.6,0.4,0.5,-0.1,0.4,-0.6,-5.2,-6.4,2.1,0.2,1.7,-0.6,1.3,0.1,3.1,-2,2,-0.2,0.8,-0.5,0.5,2.3,1.7,1.3,-7,-8,-0.5,0.2,-2,1.4,-4.1,0,-6,0.2,0.4,1.5,1.5,-2,-8.5,2.6,1.3,-0.9,-1.5,0.8,-0.2,0.2,1.7,-3.3,1,2.4,-3.5,1.5,3.4,-0.1,-5,-1,1.1,-4.1,-0.3,-4.1,2.1,-0.2,2.4,-1.3,2.8,-0.5,-1.1,0.5,0.6,-3.3,1.8,-0.6,0.1,1.9,2.5,0.3,2.9,-0.7,-6,2.5,-1.4
兽王,0.3,2.5,-2,-3.5,-3.2,-0.1,1.3,-1.1,1.5,-1.4,-4.9,0.1,-2.4,0.2,3.3,2.1,0.3,-1.3,-3.5,-3.5,-3.3,-1.1,0.8,-2.1,-2.9,-0.1,2.2,-0.3,-0.3,0.8,-0.1,-1,-0.9,-0.4,0,-0.9,-1.9,-0.5,-0.2,0,-1.4,1.4,1,-1.5,-4.6,1.4,0.3,1.5,-1.5,-1.1,-2.5,-5.7,-1.9,2.5,-0.4,-4.7,-2.3,-1.2,-6.6,-1.6,-0.6,2.1,1,-0.3,-0.2,-0.9,2.4,0.2,-2.4,-0.3,-1,-3.9,1.3,-6.1,-1.7,-3.9,-2.1,0.3,0,-1,-1,0.7,-2.1,1.5,-2.5,-5.6,0,-2.2,-2.2,-3.7,-3
獸,0.9,-0.5,5.2,-3.9,-2.4,7.4,-0.9,-4.9,3.1,1.7,6.5,-0.5,-2.7,-0.1,-1.4,1.1,-1.3,-1.3,1.4,9.3,-2.7,-2.8,0.1,0.2,-1.6,-2.4,5.6,0.4,0.2,5,-2,0.8,3,-2,-0.2,-3.4,6.4,-0.8,-2.4,-3.8,-2.1,-1.7,0.5,-2.4,1.3,-1.1,-0.5,2.4,0.5,-2.4,5.7,-2.5,-2.1,8.1,-1.3,-2.6,6.9,1.3,5.6,-2.3,-2.8,3,-2.4,-1.7,-1.8,-2,0.3,-0.1,1.7,-2.8,5.8,-3.6,0.4,6.6,-0.3,-3.5,-4.2,5.6,-2.5,-2.5,-3.7,7.2,-4,0.3,1.2,5.8,-0.9,-0.1,-2.4,1.5,3.2,-2.4
术士,-3.3,-1.3,-0.2,-3.5,2,-0.5,0.8,-3.4,-0.3,-3.2,0,-1.4,-6.3,2.9,-2.8,-3.2,3.3,-1.2,-1.5,-4.6,2.4,1.8,1.3,1.9,1.9,0.2,-2.7,0.4,-3,-0.2,-1.8,-1.1,-2.6,1.6,0,0.9,2.5,2.6,-4.5,2.5,-1,2.3,0.7,-1.7,1.5,1.4,0.1,-1.8,1.6,-0.1,-6.6,-3.4,2.4,-3.7,3.7,-0.3,-3.7,2,-0.4,0.3,0.2,0.8,3,-3.4,0,0,3.2,-1.1,1.1,2.1,-0.8,2.4,2.3,-4.9,-3.8,1.2,2.3,-2,-2.8,0.8,-0.6,-3.5,-0.8,-1.5,-1.9,-8.1,-4.1,-1.2,-0.2,2.6,-0.8,0.8,0.1
树精卫士,0.1,0.2,4.3,2.4,-1.8,2.2,-1.2,-2.1,3,-1.7,0.8,0.9,-2.5,2.4,-1.1,-1,2.9,3.2,5.2,8.1,0.4,0.2,3.1,0,-3.4,-0.8,2.4,-1.1,-2.4,1.2,-0.9,-0.3,0.6,-0.1,-1.8,2.1,5.6,-8,-4.1,-5.6,-0.3,-1.3,3.5,-5,-0.2,3.1,-1.3,-2.4,2.4,2.3,-8.6,-7.9,-0.2,8.1,-0.8,0.7,3.2,-1.1,1.9,2,-0.2,-2.4,1,-1.2,-1.8,-1.2,-4.3,-4.8,-1.9,0.2,4.1,5.2,-3.2,2.1,-0.8,-0.4,1.7,3.7,0.6,0.8,2.4,5.8,0.2,-1.2,-3.7,-9.4,-1.1,-4.1,1.2,0.4,0.2,-3.4,3.8,-6.6
水晶室女,-0.7,-0.6,-0.1,1.4,-1.4,-0.8,0.2,-2.7,0.9,0.3,-1.1,1.7,-4.4,-0.7,-1.4,-0.2,0.1,-1,-0.8,-0.7,0.3,0.2,-2.2,-1.6,0.3,-2.1,1,-2.5,-1.3,0.1,-3.4,-1.2,0,0.3,-0.6,-1.2,1.8,1.2,-1.4,0.2,2,-0.1,-1.4,-3.5,1.3,-0.6,3.8,0.4,-1.1,-1.6,5.1,-0.5,-0.2,0.8,2.1,0.4,-0.3,-0.5,2,-1.3,-0.9,-1.3,2.2,2.7,1,-1.3,2.7,0.5,0.8,0.4,1.2,-0.3,2.6,-0.5,1.5,2,-2.4,1,0.1,-1.2,-0.8,-1.3,-0.5,-2.3,-0.7,1.5,0,0.3,-0.9,-0.7,-0.3,-0.4,-3,0.2,-0.4
司夜刺客,-2,-2.4,-0.3,-2.6,-1.9,1.8,-1.8,-0.7,0.9,1,-0.1,-1.4,-6.9,0,0.1,-0.7,2,2.9,-0.8,1.9,1.3,1.3,0.4,-0.3,0.1,-1.6,-0.9,-1.5,3,-0.2,1.4,0.5,1,0.6,-0.2,1.9,-1.9,0,1.1,0.3,2.1,1.7,-1.8,0.6,-0.7,-1.3,-3.5,2.4,0.9,0.2,-1.7,0.5,-0.6,-0.9,-4.1,0.9,-1.1,-2.4,0.1,0.6,0.8,-1.3,-0.9,2.1,-1,0.4,1.6,-3.4,-0.4,1.1,0.8,0.9,2,2.3,-1,-0.6,0.4,1.5,0.8,0.7,-1,-0.6,-1,-0.8,-4.1,1,-1,-1,1.6,-1.7,1.4,-1.4,-1.9,1.5,0.9,-1.7
斯拉达,1.2,1.4,2.9,3.1,0.2,5.6,0.4,-3.1,0.9,1,-1.3,-0.6,7.5,-0.7,1.2,-2.3,-1.6,0.8,1.1,8.3,-1.6,0.1,-1.2,-1.5,-0.1,1.1,4.6,-0.4,-0.4,2.5,2.4,2.6,4.4,0.5,-1.5,-1.1,5.6,-0.7,2.2,-6.8,2.4,0.2,0.6,-1.2,-1.7,1.2,1.5,2,1.5,-0.2,1.5,-2.1,-0.2,3.3,1,0.5,2.4,0.2,1.7,1.7,1.1,3,0,2.4,1.9,-1.2,-1.4,-0.4,-0.7,0.9,2.4,-2.4,1.8,3.4,-2.6,-2.7,-0.2,5.2,1.4,-0.4,0.5,1,1.3,-0.7,-1.5,2.8,0.8,1.1,2.5,-1.5,1,-0.2,6.9,1.5,4.9,-0.8,-1.4
斯拉克,3.9,4.8,-2.6,-4,-1,0,0.2,-2.8,-4.1,-0.4,-1.3,1.2,-2,-1.6,1.7,-1.3,1.1,0.9,-4,1.4,-0.7,0.6,-2.9,-1.2,-0.7,0.5,-2.2,-1.1,1.2,-1.1,1.9,0.5,3.5,1.1,-2.7,-1,-0.9,0.5,2.4,2.7,1.9,2,-2.7,0.5,-0.1,3.1,-3.3,-1.6,2.7,0.2,-1.4,0.7,-0.4,-3.4,-2.7,0.7,4.3,-2.4,2.5,4,-0.2,-0.2,-0.9,-1.6,-2.3,0,-0.2,0.7,0.4,-0.5,-0.6,-1,-3.8,2.8,-2.2,-2.3,-2,0.9,1.4,-0.5,3.1,-1.1,-0.9,-0.8,-2.1,3.2,-3.3,-1.1,-0.8,-0.5,-4.3,-1.5,-2.2,1.3,-0.8,0.6,-2.5,-2.9
斯温,6.6,-0.7,3,5.5,-1,3.3,-0.2,-1,4.5,-1.7,1.3,0.9,8.8,3.6,-1.7,-3.4,-3.9,-1.4,5.5,7.1,-1,0.1,-1,0,-0.6,-0.9,2.2,-1.7,-2.3,3.5,-1.4,0.6,6.3,-4.5,-6.4,-0.8,5.4,0.4,-0.6,0.7,-2,-2.9,2.9,-1.7,-1.1,2.4,0.2,-2,0.9,-1.1,0.7,1.6,0.4,3.8,1.2,-0.9,1.7,1.4,5.6,-0.6,-1.3,1.6,-0.8,1.2,3.5,-2.4,0.1,0.6,-0.7,1.2,4.6,2.9,7.9,2.7,1.5,0,-1.9,1.5,-1.3,-1.9,2.5,5.4,-0.4,-0.9,1.4,1.9,4.6,-2.6,-3.2,1.7,-3.7,1.1,5.6,-0.1,4.7,0.5,0.8,2.3,1.3
死亡先知,0.4,-2.5,-0.9,-1.3,-0.6,0.2,0,-1.6,-0.5,-1.7,-1.5,-1.3,-0.1,-1.9,0,-0.9,1,-1.7,0,-0.1,1.6,1,-2.8,0.3,-1.7,1,-2,-2.6,0.2,-3.5,0.8,0.5,-2.4,1.9,0.2,-1.2,-0.2,1.7,0.5,2.4,-0.4,0.4,1.8,2.1,0.9,-2.6,-2.8,2.6,1.4,-0.5,-1.4,-2,-0.9,-3.6,-1.9,-3.3,0.1,2.8,1.9,-2.1,2,4.2,0.3,-0.8,-0.2,1.4,3.9,1.2,0.1,-3.2,1.5,-0.5,0.3,2.7,-1.9,-0.4,-1.6,-2.5,-1.1,0.7,-2.3,-0.1,0.2,1.3,3.2,1,-1.2,-0.6,-1.7,0.5,-1,3.6,-2.4,-0.3,1.4,0.8,-1.6,0.6,-0.8,1
雷泽,-1.6,2.5,-1.5,-0.8,0.7,0.5,-0.6,-1.9,-2.9,-2.8,-2.5,0.5,-0.8,-0.3,1.1,-2.7,0.6,-0.8,-1.4,-5.4,2.3,-0.7,-4.1,-1.6,0.6,1.8,-1.8,-1.3,-2.5,-2.6,-0.3,0.8,-1.9,2.3,-2.4,-0.8,-1.6,-3.1,-0.4,-5.8,1,1.2,0.5,-0.8,-2.1,-2,-2.1,-0.8,-0.7,1.2,-1,-4.8,1,-0.9,-0.1,-1.2,-0.9,-0.3,-2.3,-0.2,-0.2,1.9,0.6,-3.1,0.6,-2.1,-2.3,0.2,1.1,-2.8,-1.2,2.1,-3.5,-2.2,-2,-0.1,2.2,-2.2,-1.8,1.3,1.6,-0.2,-0.6,1.2,-2,-4.5,1.3,-0.2,-1.8,1.9,-0.9,-4.6,-2.4,-1.2,-0.4,1.8,1.8,-0.3,0.7,1.9,-0.4
天怒法师,-4.6,0.6,-1.5,-4.5,-0.6,1.8,0.9,-1.8,2,-1.2,-1.1,-2.2,-4.2,0.4,-0.4,1.2,1.4,0.4,-0.2,-3.5,2.4,-0.3,-1.2,1.7,-0.8,-2.8,-0.7,-1.2,-1.4,-1.7,-0.1,-1,0.3,3.2,3.3,1.5,-0.8,-0.5,-0.5,4.2,1.3,2.1,-1.2,-0.2,2.5,-0.1,-0.4,0.8,-1,-2.1,-2.3,-1.7,0.1,-2.9,-0.2,-0.8,-0.8,-0.5,-0.1,-0.1,-0.7,-2,-0.1,2.2,-1.5,0,3.8,1.2,1.6,-1.3,-2.4,-3.1,1.6,-1.5,-1.9,0.9,-0.4,-1.2,-0.3,-0.9,-2.1,-1,-0.6,-0.3,-0.8,-5.4,-2.2,-0.6,-1.1,-1.2,0.3,-0.7,-0.4,0.8,-1.5,1.1,-0.5,-3.1,-0.6,-1.2,-2.8,-1.2
天穹守望者,-4.2,-2.2,1.4,-0.4,0.9,5.5,1.4,-3.1,-0.2,0.6,4.6,-1.4,1,-1.4,2.4,-5.4,1.5,2.2,6.6,4.9,-6.6,1.1,0.8,4.2,-3.4,3.8,3.1,2.8,-8.4,-2.2,3.4,1.1,1.5,-0.6,0.8,-9.7,4.3,1.6,0.6,0.3,-5.5,-4,3.5,1,2,-3.7,-6.6,-6,2.4,2.1,-7.1,-9.5,0.7,3.7,-3.5,-6.3,1.9,3.5,1.4,-1.5,0.3,3.6,-2.8,-4.4,-1.8,-0.8,-9.4,0,2.2,-5,-1.6,-8.6,-5.8,2.4,-1.1,1.1,-6.2,2,-3.5,-5.3,0.3,5.5,2.2,0.3,-6.7,-8.2,3.2,-5.1,-2.1,-0.8,1.1,0.8,5,2.4,2.8,0.9,0.5,3.1,1.3,3.8,-2.7,-4.6,2
天涯墨客,-3,-2,-0.2,-5.4,1.5,1.7,-1.4,-0.2,-0.2,-1.4,0.9,-2.8,-8,0.2,-0.7,-0.6,0.9,1.3,-3.4,-3.6,0.8,0.1,0.4,1.9,-2.3,-2.9,-0.8,-1.1,2,-3.4,-1.7,-2.5,-1.8,2.4,0.8,0.3,0.2,-4.4,-0.4,-4.5,0.8,-0.3,-0.4,-0.4,1,0.9,0.1,-3.8,0.8,0.7,-6.2,2.6,3.1,-1.8,2.5,0.8,0.5,-1.3,-2.4,-0.7,1.9,-1.2,4.1,2.9,-2.1,-2,0.6,-1.8,2.7,0.5,-0.4,-3.7,-1.8,-2.5,-2.9,3,-2.5,-0.2,-0.3,-0.3,-3.5,-0.5,-0.8,-0.8,-1.6,-8.5,-0.2,-1.9,0.1,-0.1,1.9,-4.9,2.4,-3.2,-3.5,0.3,0.3,0.7,1.3,0.1,-0.3,-3.1,-3.5,-2.8
痛苦女王,-2.5,-2.3,0.1,-0.8,-0.7,-0.5,-1.2,-1.6,-1.7,-0.8,-2.5,-1.5,-0.3,-2.8,-1.1,0,-2.5,-3,-0.9,-1.6,-2.1,-2.2,-3.3,-1.6,-1.6,-2.5,-3.7,-1.5,-2.7,-3.6,-1.5,-2.1,-2.3,-1.4,-0.5,-4.4,-3.2,0.8,-1.4,1.8,-3.1,-1.5,-1.5,-2,0.1,-4.1,-2.9,2,-2.5,-0.9,1.8,-2.6,-2,-3.9,-1.2,-3.3,1,-1.1,-2.4,-1.7,-2.1,-0.2,-4.9,-0.6,-2.5,-1,-2.5,0.2,0,-2.4,-0.2,-5.4,-0.9,-2.3,-0.1,-1.7,-4.6,-2.4,-1.7,-3,-2.4,-0.4,-1,-2.6,3.4,1.2,-1,0.4,-3.5,-2.5,0.5,-2.4,-3,-0.9,1.5,-2,0.4,-3.5,-2.1,-1.9,-2.3,-1,-2.1,-3.2,-2
维萨吉,4.1,-1.9,-3.4,-0.1,1,-1.1,-0.4,-0.6,-3,2.2,1.6,-0.7,-4,0.2,-1.1,-3.5,0.7,1.5,2,-0.7,-2,1.8,4.5,1.9,0.2,1.4,-0.6,3.1,0.4,-0.1,5.6,1.6,-5.2,-0.6,1.3,-0.3,-2.9,0.4,3.5,-2.5,-2.5,-3.3,1.6,0.4,-0.4,-0.4,-1.4,2,4.3,2.2,3.2,-3.4,0.1,-4.4,0,-3.1,-2.2,1.9,-3.2,3.4,3,3.5,1.4,-4.5,-3.1,-0.2,-0.4,0.8,-2.3,-1.9,0,-7,-2,0.9,-3.1,1.1,-1.3,-1.9,-2.1,-1.6,-2.9,-1.4,3.5,-3.5,-1.9,-0.9,-1.9,3.5,1.1,-3.5,-2,4.1,2.4,0.3,-0.1,-2,-1.5,-1.3,-0.1,1.2,-3.5,-0.8,0.8,-4.8,2.7,-1.8
瘟疫法师,-1.4,-3,2,-1,0,2.3,-0.2,-3.6,-1.6,-3.2,-1.7,0.5,-1.7,0.9,-0.5,-2.7,0.5,-1.5,1.9,-2.9,-0.4,0.1,-4,1.4,-0.3,2.3,-1.6,-0.2,-2,-2.4,1,1.9,-1,-0.6,-0.1,-1.5,1.3,1,-0.2,0.3,0.3,0.5,1.3,-0.7,2.1,-0.9,1.1,-1.6,2.7,0.7,-0.1,-4.6,-0.5,-1.1,1.9,-1.3,-6,3.5,0.4,-2.3,2.3,3,2.3,-1.5,-1.3,1.8,-0.3,1.9,-1.9,0.8,-2.4,0.4,1.7,0.3,-1.3,1.2,-0.1,0.1,-1.3,-0.7,-2,0.2,0.9,0.1,2.2,5.8,0.2,0.8,-1,0,-4.5,-1.8,-1.5,-2.4,0,-0.7,2.2,-1.1,-0.1,1.5,-3.5,0,0.5,-2.7,-0.3,-2.5,-2.6
巫妖,-2.5,1.7,2,-3.5,-0.6,0.3,0.9,-2,0.6,0.7,-1.4,0.3,-5.8,1.9,-2.4,2.8,3.5,0.8,-2.8,-2.3,2.2,-0.2,-1,-0.5,-0.2,-3.2,-1.1,-1.5,0.7,1.5,-3.7,-2.6,0.2,1,1.6,-0.7,0.4,-2.6,-1.6,-0.9,1.4,1.8,-0.4,-3.5,2.3,0.2,-0.1,0.1,-1.3,-0.8,-2,0.7,0.5,2.6,1.2,0.8,-1.5,0.3,-1.5,-1.5,0.8,-1.7,3.6,-0.4,0.1,-1,3.4,0.2,0.8,-0.6,0.8,1.5,-1.9,-3,-1.1,1.5,1,-0.2,1.5,-1,-2.6,0.6,-2.3,-3.9,0.3,-6.3,-4,0.6,-1.6,-0.3,1.6,-1.3,-1.4,-3.6,-4.9,-2.5,1,1.6,1.3,-0.3,1,0.6,-0.5,2.1,4.1,-2,2.9,0.6
巫医,-2.7,-1.6,0.2,-1.2,2.1,1.3,-0.9,-4.1,0.1,-1.2,0.7,-0.7,-4.7,1.4,-2.1,-1.5,1.4,-0.8,-0.5,-1.9,1.6,0.9,-0.6,1.6,1.1,-0.9,-1.1,-1.6,-1.3,-1.3,-1.6,-0.8,-0.7,1.6,2.2,0,0.7,2,-1.4,2,1.6,0.3,-2,-2,1.4,0.2,-0.3,0.6,1.7,-0.6,-3.7,-0.4,1.8,-2.3,2.4,0,-3.3,0.5,1.1,0.2,-0.3,0.7,1.7,-1.4,-0.6,-0.6,3.7,1.3,1.6,0.4,-1.7,-0.1,1.3,0.3,-1.5,0.9,1,-1.4,-1.7,-1.2,-2.4,-0.4,0,-1.4,-0.1,-6.6,-2,-0.8,-0.7,0.9,0,0,-0.2,-2,-2.2,0.6,0,0.1,0,-1.1,-0.7,1.9,-0.1,1.8,-0.7,-1.6,0.8,-0.8,-2.4
百戏大王,2,0.6,0.2,-4.1,1,0.6,0.6,-1.9,-0.3,0.1,-0.6,-2,-5.7,0.6,-4.4,-0.6,0,0.1,0.2,-0.8,1.9,-0.5,-0.6,0.9,-0.1,-3.2,-1.4,-1.5,1.4,4,-2.5,-2.1,-1.6,1,1.4,2.4,1.1,2,-2.6,2.4,1.1,-2.1,1,-1,1.1,-1.2,1.4,-0.5,-0.4,-0.9,-2.1,1.1,2.3,1.1,0.4,0.3,0.9,1,2,-1.3,-0.8,-0.7,1,0,-0.2,-0.2,2.3,-1.1,0,-1,1.5,-1.2,-4.1,-0.7,-2.9,0.8,0.8,-0.7,0.8,0.3,-5.2,-1.2,-2.1,-0.2,-0.4,2.8,-5.4,3.4,0.2,0.2,2.5,-0.5,-1.9,-1.3,1.7,-1.6,0.6,0.5,-1.1,0,1.4,1.1,0.3,2.9,-3.5,-1.5,3.7,1.5,-2.5,-1.4
自然先知,-2.2,-4.7,-0.7,-3.8,2.4,0.5,0.5,-1.8,0.5,-0.6,-0.4,-1.5,-1.6,-0.1,-2.7,-2.6,-2.2,-0.6,1.4,0.3,-1.2,-0.5,-0.1,1,1,1.6,-0.3,0.8,0.1,-0.2,-1.1,0.6,-2.9,-0.1,-0.2,-1.2,-1.7,1.6,-0.2,2.7,-2.6,2.2,-0.1,-1.9,-1,-1.1,-1.3,-0.6,-3.2,-1.6,-0.1,2.9,0.9,-3.5,2,-1.9,-4.2,1.2,2.1,1.1,-2.4,1.6,-2,-2,-1,-0.6,-1.7,-1.8,1,0.1,-1.4,-0.9,0.1,1.2,1.2,0.5,-0.1,-1.8,-1,1.2,0.6,-0.9,-0.9,0.1,1.9,5,0.2,-0.3,-2.3,-1.2,-2.4,-2.4,-2.1,0.2,-2.1,0.4,1.6,-0.1,0.3,-4.8,2.2,1.1,-0.6,2,-0.4,-2.5,2,1.6,1.1,0.3,1
小小,0.2,-0.5,0.2,0,-2.3,2.3,0.1,-1.3,3.1,-0.2,-0.3,-1.1,0.1,-1.5,-1,0.8,-0.3,1.1,0.1,5.9,0,-1,0.3,-3.5,0.6,-2.3,-0.3,-1.3,-0.1,0.9,-0.5,-0.7,2.3,-0.8,-1.3,0.8,1.2,-0.2,-1,1.6,0.8,4,1,-1.4,-1.4,0.9,-0.7,0.9,-1.2,-1.2,2.1,-0.3,-2.5,6.5,-1.6,-1.7,-0.2,-1.4,1.5,0.9,-0.3,-0.9,-0.6,1,0.1,1.4,4.8,0,0.8,0.1,2.5,-0.5,1.4,1,1.8,-1.3,0.6,1.9,0.2,-2.8,0.2,3.8,-1,-2.3,1.3,1.1,1.5,2.8,-1.5,0.1,0.7,0.1,1,0.5,2.6,-2.4,-3.2,1.9,-1,2,1.4,1,-1.5,2.9,-1,-2.4,4.5,1.2,-2.3,-1.2,1,1.4
邪影芳灵,4,1.4,2.6,5.8,0.8,1.6,-0.2,-4.5,3.2,0.1,-0.8,-2.6,-7.5,1.5,-0.5,2.3,-0.1,1.4,1.9,2.2,0.3,-0.9,-0.9,0.6,-1,-2.4,-0.1,-2.4,0.5,0.8,-1.3,-2.3,-2.6,0.3,1,0.1,2.8,-2.5,-2.3,1.5,0.6,0.3,2,-1.6,0.5,-1.3,2.6,1,0.1,-0.3,1.6,-0.3,-2.2,7.2,0.7,0.3,-2.1,-0.3,-1,1.2,-0.2,0.3,0.4,4.6,-5.4,-1.9,3.3,-0.1,-0.2,-0.5,3.5,0.9,5.4,0.4,0.6,0.9,1.7,0.2,1.6,-0.5,2,-3.2,0.3,-4.2,-3.8,-2.6,0.6,2.9,0.2,-0.2,-1.8,-1.8,-0.5,0.4,-0.9,-1.9,-2.2,0.1,1.7,1.6,0.1,1.3,-1.1,2.6,-3.9,-1.1,1.2,1,-3.6,-0.9,-1.3,-0.5,0.2
熊战士,4.7,2.8,-0.5,-2,-0.5,2.5,-0.7,-1.4,-5.6,-0.6,-2.4,0,-0.8,0.8,1,-0.9,-2.6,1.6,-0.9,0.4,-0.7,0.7,1.5,-0.5,-1.4,-0.4,-0.2,-0.6,1.3,-2.4,0.3,0.9,0.9,-2,-6,-0.9,-1.9,-2.2,1.3,-0.9,0.9,-1.4,-1.3,-0.4,-0.9,2.4,-4.4,-1.1,3,0.3,-2.5,-1.9,1.3,2.8,-2.4,-0.9,-0.4,0.2,0.5,0,-0.1,4.2,0.4,-5,-0.6,1.2,0.8,1.1,1.7,-2.4,2,-2.8,-6.9,1,-0.8,-2.4,-0.4,0.7,-1,1.6,1.2,0.4,-0.6,1.1,-0.3,-6,0.7,-0.6,0,0.9,-6.9,-1.7,-1,2.3,-0.6,-0.3,0.4,-2.4,1.9,-4.3,-1.7,0.5,-1.2,0.9,0.7,-1.2,2.9,2.6,1.5,0.7,-0.6,-1.7,-0.2,0.8
修补匠,0.9,0.2,1.1,3,0.8,1.6,1.1,-1.5,-0.9,2,-0.9,0.1,-3.6,0,2.7,-4,-0.5,-1.3,3.5,3.5,-6.2,-0.3,0.4,1.8,-1.7,0.7,2.8,1.6,-4,-5.3,2.1,-0.2,-1.7,-2.1,4,-7.4,-2,0.7,1.4,2.1,-5.6,0.4,1.3,-0.3,2.6,-0.6,-1.1,-0.3,1,-0.8,0.3,-6.5,0.3,-5,0.3,-6,-3.1,2.9,-3.1,-3.8,1.4,2,-4,0.8,-2.2,1.1,-4.6,0,-0.7,-4.7,-1.6,-8.2,-1.3,-0.3,-1.6,2,-6.2,-1.1,-1.9,-4.1,-2,0.1,1.1,-1.6,2.8,1,1.5,2.2,-3.5,-3.6,-0.7,0.6,-2.7,2.2,2.7,-2.8,0,-1.8,-2,-1.4,-1.1,0.8,-1.9,-8.9,4.6,-3.6,-3.1,-4.5,1.6,-0.6,0.1,0.5,0.7,0.3,3.1
虚空假面,2.8,-2.9,0.4,1.3,-0.4,-1.6,-0.6,-1.8,-8.7,3,-1.7,-0.1,-2.6,1.8,0.3,-5.1,-4.2,3.7,0.6,2.6,-2.3,2,3.1,-0.5,0.5,-1.3,-0.6,1.1,2.6,1.9,-0.7,-1.8,0.5,-7.4,-7.7,-1.3,-1.9,3,1.1,2.5,0.8,-6.8,-1.3,0.6,0.2,3.5,1.8,-6.8,0.7,0.4,4.1,2.6,-0.2,0.3,0.2,3.5,-0.6,-1.4,-0.1,-3.2,-1.6,-1.2,-1.9,-8.1,1.4,-3.6,-1.6,0.8,-0.4,4.5,1.7,2.2,-6.4,0.3,1.9,0.1,-1.7,0.2,-0.6,1.8,-2.4,2.2,0.9,-1.6,2.5,2.1,-0.1,-2.4,-3.2,-0.1,-7.3,-0.4,-2.6,0.6,-0.1,-1.4,2.9,-1,0.3,-5,3.6,3.9,2.5,0.6,0.5,-2.1,1.6,2.3,0.9,-0.2,1.6,0.2,-0.6,-0.3,-1.9,1.3
虚无之灵,0.3,-1.9,-1.9,-2.5,-1.2,-0.1,-0.8,-1.7,0.1,1.3,0.2,1.4,-2.8,-5,-2,-1,-2.5,0.9,-1.1,0.7,-3.8,-0.2,-1.4,-0.4,-0.2,0.3,-2.4,-0.6,-0.6,-1.4,3.2,0.8,2,0.1,-2.4,-5.7,-1.8,1.5,1.1,2.4,-0.6,-0.7,1.3,1.5,-1.1,-3.2,-1.2,3.2,0,1.3,0.9,-1.1,-1.2,-0.3,-3.7,-1.6,2.6,-0.7,0.8,4.3,-0.9,-2.1,-6.9,1.1,-1.3,3.2,-4.4,2.2,0.1,-0.2,1.2,-3.4,-2.6,1.8,0.1,-3.8,-3.9,0.1,-1.4,-2.7,0.8,-0.2,0.7,-2,2.4,5.7,-2.4,3.7,-4.1,-1.4,1.1,-1,-3.5,2,-0.5,-0.7,-1.1,-3.2,-2.7,1,0.9,0.5,1.6,-6.2,-0.1,-2.1,-0.4,0.9,1.7,0.9,0.8,0.4,-1.7,2.8,-1,-3.2,-1.4
血魔,0.6,3.2,-2,-5.2,1.1,1.5,-0.4,-2.4,-5.2,0.7,0.6,1,-2,0.4,0.5,-3,-3.3,0,0.8,2.5,-0.9,0,-0.1,2.4,-2,-0.8,4.4,1.2,-3.2,-2.7,-0.2,-1,1.2,-2.2,-3.1,-1.2,-0.6,-5,0.9,-7,0.8,-2.6,-1.9,-0.1,-1.1,0.5,-2.8,-8.3,2,0.9,-3.4,-3.2,0.3,-2.6,-0.1,-2.8,-2.5,1.2,-1.6,-0.9,1,4.5,-2.4,-2.9,4.1,-0.4,-4.5,1.2,2.3,-2.2,-1.6,-2.4,-6.5,2.5,2.2,0.8,-0.2,0.4,-0.3,-0.3,1,2.1,-1.6,1.5,-3.4,-5.5,1.4,-5.2,-1.4,1.3,-4.8,-2.4,0.8,0.9,1.6,2.4,2.8,-3,2.2,-2.4,-0.3,-3.5,-0.4,-6.5,-0.3,-0.7,-1.4,3.1,-0.1,0.5,1.9,1.1,1.8,-0.1,-5.4,0.7,-2.7,0.5
亚巴顿,2.9,0.6,0.9,-2.9,0.4,-1,1.1,-0.4,-2.6,-4.7,-3.3,-2.3,-5,3.1,-4.2,0.4,3.4,2.1,-1.9,-3.5,0.6,1.9,-2.8,5.2,-3.6,-0.7,0.2,0,-0.2,-0.9,-1.9,1.8,1.8,2.4,-1.2,2.3,-1.2,1.6,-1.2,-0.9,2.1,0.3,0.8,0.1,0.9,3.9,-0.8,-2.4,2.5,2.3,-7,-7.2,0.4,0.1,1.7,0.4,1.4,1,-2.5,0.7,3.9,5.2,3.5,-6,-1.3,1,1.2,-1,-3.1,1.9,2.4,3,-2.6,1,-3.7,0.8,3.9,-0.8,2.4,1.5,1.7,-4.5,1.1,3.2,-4.1,-9.3,-6.9,-2.2,1.2,0.6,-2.7,1.9,0.7,-3.6,-7.2,1.2,1.3,1.8,1,1.4,-0.3,0.3,-0.2,1.9,-3.8,1.8,-4.1,1.2,-1,-0.5,-0.6,0.3,0.2,-1.4,-1.3,-0.5,1.2,0.2,-1.9
影魔,-2.4,1.5,2.3,0.1,3.5,0.9,-1.1,-0.2,-0.9,-0.4,3.1,0.3,-3.6,0.6,2.1,-4.2,-0.3,-0.1,1.3,-2.3,2.5,0.7,-1.8,1.6,2.4,1.1,1.4,-1.6,-3.2,-1.5,0.1,-0.7,-1.8,2.7,1.4,1.9,2.3,0.4,0,-1.2,-1.6,-0.8,5.2,-1.8,3,-0.6,-3.2,-1.1,-0.6,0.7,-0.8,-3.9,2.5,0.8,0.2,-3.2,-2.1,2.6,-1.5,-4,0.9,4.1,0.6,-3.1,0,-0.9,-0.9,-0.2,2.1,-2.8,-1.5,-1.9,-2.2,-2,-2.1,1.9,1.5,-0.2,-2.6,-2.2,-5.4,3.4,0.2,-2.3,1.2,0.5,2.4,0.9,0.7,1.7,-1.3,-2,-2.2,-0.5,2.3,0.8,0.9,3.1,-1.2,-2.7,-1.7,-0.7,0.1,-4.9,-1.5,-1.5,0.2,-2.4,0.9,-0.7,-1.4,0.4,0.8,0.8,-0.6,-2.6,-1.5,3,-4.1,0.6
幽鬼,5.7,-0.7,0.7,-1.6,0.1,1.5,1.2,-5.4,-4.3,0.9,-1.4,1.4,-2.9,1.7,1.1,-2,-0.4,0.8,-0.1,-0.9,-0.4,0.7,-0.2,2,-1.4,-0.3,-1.3,0.6,0.3,-2.2,2,1.4,-1.8,-2.7,-5.1,0.3,-1.9,-1.8,-0.8,-4,2.3,-0.2,-2.9,0.7,0.8,4.5,1.4,-4.9,1.5,0,-0.1,-1.6,-1.2,-3.9,3.6,1,-5.2,0.6,0.2,-0.5,-2.6,-0.9,-1.1,-3.7,-1.2,1.3,-0.9,2.5,-1.8,2.1,-0.2,0.4,-3.6,-0.2,2.6,-0.6,0.3,1.2,-1.9,0.1,-0.6,-1.2,0.6,0.3,1.1,-5.2,0.3,1.2,-1.7,-1.1,-7.9,-2.8,-0.3,0.7,-2.6,0.6,0.5,-2.2,1.6,-2.3,0.6,2.2,0.5,-0.8,0.6,0.4,-1.2,-0.1,1.4,2.6,0.4,3,-1.6,-0.7,-0.4,-1.3,-2.7,0,-0.3,-1.9,-0.5
育母蜘蛛,2.6,1.5,-1.6,1.4,1.3,0.4,-0.5,0.1,-2.3,2.3,3.2,1.8,2.7,-1.3,3.1,-1.4,3.7,3.2,-2.2,2.4,-4.4,2.1,1.2,4,-4.1,3.8,4.5,3.4,-3.9,-3.5,3.2,4.1,3.4,1,-2.3,-8.8,-0.3,-4.1,3.5,-7.4,-5,-2.7,0.9,-0.8,1.5,0.4,-3.1,-4.5,3.9,2.1,-2.5,-8.8,1.3,-1.4,-3.5,-5.2,0.5,3.2,-6.3,0.9,4.7,0.7,-0.3,-5.3,-1.6,-0.2,-6,-3.5,-2.2,-3.1,0.9,-6.3,-4.2,4.5,1.5,0,-4.2,2.6,-2.1,-1.4,4.2,1.8,2.1,5.8,-4,-8.6,1.7,-5.1,-2.1,-0.6,-4.2,2.4,2.8,-1.1,0.4,1.9,-0.6,0.5,-1.5,3.5,-0.5,-8.2,2.4,-9.6,-0.4,-2.6,1.7,-0.2,2.4,2.5,2.3,4.9,4,3.2,-1.2,-2.7,0.5,-2.3,-2.7,-6.2,-2.5,-2.7
远古冰魄,0.2,-0.8,1.3,2.1,2.7,3.6,0.7,-3.3,0.6,-0.2,0.2,-4,-9.1,0.5,-4.3,-0.8,1.5,-0.8,1.2,-0.4,4.1,-0.7,-1.9,1.7,0.9,-4.1,1.7,-0.9,-2.5,-0.7,-2.1,-0.5,-0.5,2,4.2,2.2,3.9,-0.9,-2.4,4,-1.3,1.4,-0.2,-3,1.6,-2.6,0.3,-1.3,0.7,-1.7,-1.7,1,2.4,2.2,0.6,-0.6,-3.5,1.7,2,0,-0.4,0.6,-0.2,2.6,-0.2,-1.5,4.1,-0.1,3.4,-1.9,-2.4,0.2,4.6,-2.1,0.1,3.7,2.1,-1.4,-3.6,0.9,-1.9,-1.4,-0.4,-0.4,0,-2.9,-2.1,1.1,-2.4,1.2,0.4,-0.8,-1,-3.9,-0.2,-0.9,1.3,-1.5,-0.8,1.3,-0.8,0.6,-2.3,0.9,-4,0,-0.8,1.6,-0.5,-2.9,-4,1.7,1.2,-6.8,0.3,-1.2,2.5,0.9,-0.3,-1.2,-2.2,2.4,0.7
宙斯,-3.8,-0.3,0.8,-2.8,-0.1,0.1,0.9,-3.5,0.4,-2.3,-0.6,-1.6,-4.7,-0.4,-2.1,-0.4,-1.5,-0.8,-1.1,-0.2,3.5,0,-2.4,2.4,-1.5,-0.8,-1.3,0.4,-0.5,-1.2,-2.2,0,-3.1,2.1,1.2,2,-0.5,-0.3,-2.3,1.2,0.9,-0.3,-0.5,-2.3,2.8,-1.1,2.2,-0.7,0.1,-1.5,-2.2,2.5,0.1,-4.9,3.2,0.2,-4.3,1,-0.3,-1.4,0.8,-0.8,-1.8,0.7,-1.9,-1.2,-0.4,0.2,0.8,-0.5,0.6,0.3,-0.9,-3.3,-1.1,0.3,3.1,-1.2,-1.9,0.6,-2.8,-2.4,-1.2,0.4,1.5,2.5,-2.8,1,-0.3,-1.1,0,-1,-2,-2,-1.1,-1.8,-0.2,-2,0.5,-0.5,-2.1,-0.2,-0.9,1.8,0.2,0.4,-0.7,-1.1,-0.3,-0.4,-1.5,1.8,0.1,-2.2,1.1,0.7,1.1,2.8,2.4,-1.7,0.6,2.1,-0.2,0.5
主宰,0.9,-4.5,1,0.9,0.6,2.4,-2.1,-3.3,-9.1,-0.1,1.1,-0.5,-3.2,1.6,-4.2,-6.6,-6.9,0.6,1.2,0.9,0.2,0,-0.3,1.4,0.4,1.5,-2,2.1,-2.1,-1.2,-2.5,2.1,0.7,-7.7,-8.9,1.3,-0.6,-1.1,1,1.7,-0.1,-6.4,-1,-0.1,0,1.9,-3.3,-8.2,2,1.3,-2.5,1.8,1.1,-2.4,1.5,1.3,-0.1,0.2,0.2,-5.1,5.4,2.3,0.4,-8.5,-0.8,-1.2,-4,1.6,-1.3,1.2,0.4,3.7,-8,2.8,-0.4,0.8,1.4,-1,-2.4,0,-1,-4,0.6,1.8,0.4,3.3,-1.8,-6.8,-0.3,1.5,-8.3,-2.7,-1.2,-1.3,-1,1.7,3.3,-0.4,-1.1,-3.8,0.1,1.7,1.3,-2.3,1.4,0.8,-3.2,-0.4,1.3,-0.8,1.2,-2.7,0.6,2.2,-5.5,-1.9,-7.8,1,-1.9,-1.4,-2.4,-5.1,-3.7,0.7,1.5
卓尔游侠,-0.4,4.9,1.4,3.2,1.1,0.7,1.8,-0.7,-7.8,1.8,0.6,-0.8,5.2,1.2,1.1,-3.4,-5,2.1,2.3,-2.5,4.6,-1.2,-0.6,0.2,4.6,0.1,-0.9,0.3,-1.2,1.2,-1,-0.3,1.2,-6.6,-7.5,2.1,0,0.8,0.1,3.4,-0.5,-5.9,0.2,0.4,1.2,3.5,-3.2,-7.5,-1.1,-0.9,2.6,3.3,-1.2,2.9,-0.4,-1.5,1.5,0.2,-0.4,-5.2,1.9,0.2,1.5,-6,-0.1,1.7,2.1,1.8,0.9,-0.8,2.5,1.3,-5.7,-1.2,-0.3,3.5,2.4,0.1,-1.3,-1,-1.9,0.8,-1,-0.1,1.1,0.2,3.1,-0.8,-0.8,0.1,-7.4,-0.2,-0.6,-0.2,4.3,1.8,0.7,1.7,-0.8,-5.2,-0.2,2.8,-1.8,0.1,-2.1,0,2.3,1.7,-0.9,0.8,0.4,-0.3,-2.5,-1.7,-4.9,-0.5,-5.7,2.1,-2.9,4.7,1.5,-2.5,-1,-3.2,0.4,-8
